{
  "hash": "9d975f06",
  "configHash": "cd2b60f7",
  "lockfileHash": "40482268",
  "browserHash": "f8aed95b",
  "optimized": {
    "@angular/common": {
      "src": "../../../../../node_modules/@angular/common/fesm2022/common.mjs",
      "file": "@angular_common.js",
      "fileHash": "7cfec5d8",
      "needsInterop": false
    },
    "@angular/common/http": {
      "src": "../../../../../node_modules/@angular/common/fesm2022/http.mjs",
      "file": "@angular_common_http.js",
      "fileHash": "b0f4acfe",
      "needsInterop": false
    },
    "@angular/core": {
      "src": "../../../../../node_modules/@angular/core/fesm2022/core.mjs",
      "file": "@angular_core.js",
      "fileHash": "98e10e6e",
      "needsInterop": false
    },
    "@angular/forms": {
      "src": "../../../../../node_modules/@angular/forms/fesm2022/forms.mjs",
      "file": "@angular_forms.js",
      "fileHash": "15af2c58",
      "needsInterop": false
    },
    "@angular/material/button": {
      "src": "../../../../../node_modules/@angular/material/fesm2022/button.mjs",
      "file": "@angular_material_button.js",
      "fileHash": "97de35f6",
      "needsInterop": false
    },
    "@angular/material/button-toggle": {
      "src": "../../../../../node_modules/@angular/material/fesm2022/button-toggle.mjs",
      "file": "@angular_material_button-toggle.js",
      "fileHash": "b00a755a",
      "needsInterop": false
    },
    "@angular/material/checkbox": {
      "src": "../../../../../node_modules/@angular/material/fesm2022/checkbox.mjs",
      "file": "@angular_material_checkbox.js",
      "fileHash": "3485648e",
      "needsInterop": false
    },
    "@angular/material/core": {
      "src": "../../../../../node_modules/@angular/material/fesm2022/core.mjs",
      "file": "@angular_material_core.js",
      "fileHash": "8b10e8c6",
      "needsInterop": false
    },
    "@angular/material/form-field": {
      "src": "../../../../../node_modules/@angular/material/fesm2022/form-field.mjs",
      "file": "@angular_material_form-field.js",
      "fileHash": "f4f9a0bb",
      "needsInterop": false
    },
    "@angular/material/icon": {
      "src": "../../../../../node_modules/@angular/material/fesm2022/icon.mjs",
      "file": "@angular_material_icon.js",
      "fileHash": "67fcddb2",
      "needsInterop": false
    },
    "@angular/material/input": {
      "src": "../../../../../node_modules/@angular/material/fesm2022/input.mjs",
      "file": "@angular_material_input.js",
      "fileHash": "31cf36ea",
      "needsInterop": false
    },
    "@angular/material/paginator": {
      "src": "../../../../../node_modules/@angular/material/fesm2022/paginator.mjs",
      "file": "@angular_material_paginator.js",
      "fileHash": "1e97dd2b",
      "needsInterop": false
    },
    "@angular/material/radio": {
      "src": "../../../../../node_modules/@angular/material/fesm2022/radio.mjs",
      "file": "@angular_material_radio.js",
      "fileHash": "4970465f",
      "needsInterop": false
    },
    "@angular/material/select": {
      "src": "../../../../../node_modules/@angular/material/fesm2022/select.mjs",
      "file": "@angular_material_select.js",
      "fileHash": "c42bdad3",
      "needsInterop": false
    },
    "@angular/material/sort": {
      "src": "../../../../../node_modules/@angular/material/fesm2022/sort.mjs",
      "file": "@angular_material_sort.js",
      "fileHash": "c1e84323",
      "needsInterop": false
    },
    "@angular/material/table": {
      "src": "../../../../../node_modules/@angular/material/fesm2022/table.mjs",
      "file": "@angular_material_table.js",
      "fileHash": "1eeef6b6",
      "needsInterop": false
    },
    "@angular/platform-browser": {
      "src": "../../../../../node_modules/@angular/platform-browser/fesm2022/platform-browser.mjs",
      "file": "@angular_platform-browser.js",
      "fileHash": "f8a372e9",
      "needsInterop": false
    },
    "@angular/platform-browser/animations/async": {
      "src": "../../../../../node_modules/@angular/platform-browser/fesm2022/animations/async.mjs",
      "file": "@angular_platform-browser_animations_async.js",
      "fileHash": "95374db7",
      "needsInterop": false
    },
    "@angular/router": {
      "src": "../../../../../node_modules/@angular/router/fesm2022/router.mjs",
      "file": "@angular_router.js",
      "fileHash": "8c1cab8d",
      "needsInterop": false
    },
    "ngx-owl-carousel-o": {
      "src": "../../../../../node_modules/ngx-owl-carousel-o/fesm2022/ngx-owl-carousel-o.mjs",
      "file": "ngx-owl-carousel-o.js",
      "fileHash": "f0bc54d3",
      "needsInterop": false
    },
    "ngx-toastr": {
      "src": "../../../../../node_modules/ngx-toastr/fesm2022/ngx-toastr.mjs",
      "file": "ngx-toastr.js",
      "fileHash": "189eaad0",
      "needsInterop": false
    },
    "rxjs": {
      "src": "../../../../../node_modules/rxjs/dist/esm5/index.js",
      "file": "rxjs.js",
      "fileHash": "c8323401",
      "needsInterop": false
    },
    "tslib": {
      "src": "../../../../../node_modules/tslib/tslib.es6.mjs",
      "file": "tslib.js",
      "fileHash": "d115e569",
      "needsInterop": false
    }
  },
  "chunks": {
    "chunk-7QR74CDL": {
      "file": "chunk-7QR74CDL.js"
    },
    "browser-IAFWT37Y": {
      "file": "browser-IAFWT37Y.js"
    },
    "chunk-TLWJOMWS": {
      "file": "chunk-TLWJOMWS.js"
    },
    "chunk-ZVTOXIUK": {
      "file": "chunk-ZVTOXIUK.js"
    },
    "chunk-VH5HCW3Q": {
      "file": "chunk-VH5HCW3Q.js"
    },
    "chunk-FPURAK5K": {
      "file": "chunk-FPURAK5K.js"
    },
    "chunk-22GQQJ2P": {
      "file": "chunk-22GQQJ2P.js"
    },
    "chunk-L5JYDC5Y": {
      "file": "chunk-L5JYDC5Y.js"
    },
    "chunk-D4FPKIHT": {
      "file": "chunk-D4FPKIHT.js"
    },
    "chunk-LNDNF6IF": {
      "file": "chunk-LNDNF6IF.js"
    },
    "chunk-IKHEG6UV": {
      "file": "chunk-IKHEG6UV.js"
    },
    "chunk-JSLHHG4T": {
      "file": "chunk-JSLHHG4T.js"
    },
    "chunk-MGSZU726": {
      "file": "chunk-MGSZU726.js"
    },
    "chunk-4AFPEV3R": {
      "file": "chunk-4AFPEV3R.js"
    },
    "chunk-LTUXVPTN": {
      "file": "chunk-LTUXVPTN.js"
    },
    "chunk-YNZI7GL3": {
      "file": "chunk-YNZI7GL3.js"
    }
  }
}